{
  "version": 1,
  "author": "Sundhar",
  "editor": "wokwi",
  "parts": [
    { "type": "board-esp32-devkit-c-v4", "id": "esp", "top": 0, "left": 0, "attrs": {} },
    { "type": "wokwi-led", "id": "led1", "top": -80.4, "left": -73, "attrs": { "color": "red" } },
    {
      "type": "wokwi-led",
      "id": "led2",
      "top": -80.4,
      "left": 32.6,
      "attrs": { "color": "yellow" }
    },
    {
      "type": "wokwi-led",
      "id": "led3",
      "top": -80.4,
      "left": 128.6,
      "attrs": { "color": "green" }
    },
    {
      "type": "wokwi-resistor",
      "id": "r1",
      "top": 3.95,
      "left": -57.6,
      "attrs": { "value": "220" }
    },
    {
      "type": "wokwi-resistor",
      "id": "r2",
      "top": -111.25,
      "left": 38.4,
      "attrs": { "value": "200" }
    },
    {
      "type": "wokwi-resistor",
      "id": "r3",
      "top": -120.85,
      "left": 134.4,
      "attrs": { "value": "220" }
    },
    {
      "type": "wokwi-hc-sr04",
      "id": "ultrasonic1",
      "top": -171.3,
      "left": -244.1,
      "attrs": { "distance": "85" }
    }
  ],
  "connections": [
    [ "esp:TX", "$serialMonitor:RX", "", [] ],
    [ "esp:RX", "$serialMonitor:TX", "", [] ],
    [ "led1:A", "esp:23", "green", [ "v28.8", "h192", "v48" ] ],
    [ "led1:C", "r1:1", "green", [ "v0" ] ],
    [ "r1:2", "esp:GND.1", "green", [ "v9.6", "h-106.8", "v134.4" ] ],
    [ "led2:A", "esp:22", "green", [ "v19.2", "h96", "v67.2" ] ],
    [ "led3:A", "esp:21", "green", [ "v9.6", "h9.6", "v105.6" ] ],
    [ "led2:C", "r2:1", "green", [ "v0", "h-28.4", "v-67.2" ] ],
    [ "r2:2", "esp:GND.3", "yellow", [ "v0", "h133.2", "v192" ] ],
    [ "led3:C", "r3:1", "green", [ "v0", "h-28.4", "v-76.8" ] ],
    [ "r3:2", "esp:GND.2", "green", [ "v0", "h56.4", "v134.4" ] ],
    [ "ultrasonic1:VCC", "esp:5V", "red", [ "v0" ] ],
    [ "ultrasonic1:GND", "esp:GND.1", "black", [ "v0" ] ],
    [ "ultrasonic1:TRIG", "esp:5", "green", [ "v336", "h335.6", "v-124.8" ] ],
    [ "ultrasonic1:ECHO", "esp:18", "green", [ "v364.8", "h354.4", "v-172.8" ] ]
  ],
  "dependencies": {}
}